{
  "a": [
    -0.045044, 0.027731, -0.054455, 0.015619, -0.009392, -0.011965, -0.041447,
    -0.023527
  ],
  "a-ba-giua": [
    0.032242, 0.037817, 0.037113, 0.019968, 0.01931, -0.047533, -0.051197,
    0.06212
  ],
  "a-ba-toa": [
    0.047516, 0.038626, -0.007549, 0.050196, -0.006187, 0.009184, -0.001865,
    -0.037291
  ],
  "bàng": [
    0.016403, -0.016718, -0.047817, 0.059427, 0.054741, -0.013689, -0.002827,
    0.006365
  ],
  "bung": [
    -0.045471, -0.050089, 0.056934, 0.000788, -0.03228, -0.038027, -0.038456,
    0.021212
  ],
  "di": [
    0.002518, 0.016638, -0.05267, -0.047598, -0.001625, 0.014296, 0.031872,
    -0.039625
  ],
  "đà": [
    0.050995, 0.011587, 0.013996, -0.007605, 0.037331, -0.028597, -0.026218,
    0.026979
  ],
  "kinh": [
    -0.009415, 0.012884, 0.022556, -0.051107, -0.024788, 0.036421, 0.052898,
    0.04915
  ]
}
